{"train_loss":NaN,"step":700,"epoch":0,"_timestamp":1.7416962864799752e+09,"_wandb":{"runtime":1905},"_runtime":1719.70184613,"_step":6}