{"_step":1,"_wandb":{"runtime":500},"train_loss":NaN,"step":200,"epoch":0,"_timestamp":1.7417001677396984e+09,"_runtime":477.262524224}