{"_step":4,"train_loss":NaN,"step":500,"epoch":0,"_timestamp":1.7416982236539948e+09,"_runtime":1225.651630205,"_wandb":{"runtime":1370}}