{"_wandb":{"runtime":315},"step":100,"epoch":0,"_timestamp":1.7416996202462623e+09,"_runtime":256.116523618,"_step":0,"train_loss":NaN}